station,y,x
Amsterdam Amstel,52.34666824,4.917778015
Amsterdam Centraal,52.37888718,4.900277615
Amsterdam Sloterdijk,52.38888931,4.837777615
Amsterdam Zuid,52.338889,4.872356